Date,App_Name,Category,Minutes_Used
2026-07-21,Instagram,Social Media,72
2026-07-21,TikTok,Social Media,38
2026-07-21,Netflix,Entertainment,95
2026-07-21,Spotify,Entertainment,42
2026-07-21,VS Code,Coding,110
2026-07-21,GitHub,Coding,25
2026-07-21,Gmail,Productivity,30
2026-07-21,WhatsApp,Productivity,20
2026-07-21,Duolingo,Education,15
2026-07-22,Instagram,Social Media,55
2026-07-22,Reddit,Social Media,88
2026-07-22,TikTok,Social Media,120
2026-07-22,Netflix,Entertainment,140
2026-07-22,Spotify,Entertainment,60
2026-07-22,VS Code,Coding,45
2026-07-22,YouTube,Education,35
2026-07-22,WhatsApp,Productivity,25
2026-07-22,Gmail,Productivity,18
2026-07-23,Instagram,Social Media,45
2026-07-23,Twitter,Social Media,30
2026-07-23,VS Code,Coding,180
2026-07-23,GitHub,Coding,55
2026-07-23,Stack Overflow,Coding,40
2026-07-23,Gmail,Productivity,35
2026-07-23,Slack,Productivity,50
2026-07-23,Coursera,Education,60
2026-07-23,Spotify,Entertainment,30
2026-07-24,Instagram,Social Media,90
2026-07-24,TikTok,Social Media,145
2026-07-24,Reddit,Social Media,65
2026-07-24,Netflix,Entertainment,120
2026-07-24,YouTube,Entertainment,55
2026-07-24,Spotify,Entertainment,70
2026-07-24,Gmail,Productivity,22
2026-07-24,WhatsApp,Productivity,28
2026-07-24,Duolingo,Education,20
2026-07-25,Instagram,Social Media,40
2026-07-25,VS Code,Coding,200
2026-07-25,GitHub,Coding,60
2026-07-25,Stack Overflow,Coding,35
2026-07-25,Slack,Productivity,55
2026-07-25,Gmail,Productivity,40
2026-07-25,Coursera,Education,75
2026-07-25,Kindle,Education,45
2026-07-25,Spotify,Entertainment,25
2026-07-26,TikTok,Social Media,180
2026-07-26,Instagram,Social Media,110
2026-07-26,Snapchat,Social Media,75
2026-07-26,Netflix,Entertainment,180
2026-07-26,YouTube,Entertainment,90
2026-07-26,Spotify,Entertainment,80
2026-07-26,WhatsApp,Productivity,35
2026-07-26,Gmail,Productivity,15
2026-07-26,Health App,Health,10
2026-07-27,Instagram,Social Media,125
2026-07-27,Reddit,Social Media,95
2026-07-27,TikTok,Social Media,85
2026-07-27,Netflix,Entertainment,210
2026-07-27,Spotify,Entertainment,65
2026-07-27,YouTube,Entertainment,75
2026-07-27,WhatsApp,Productivity,40
2026-07-27,Duolingo,Education,25
2026-07-27,Calm,Health,20
2026-07-28,VS Code,Coding,220
2026-07-28,GitHub,Coding,70
2026-07-28,Stack Overflow,Coding,45
2026-07-28,Slack,Productivity,65
2026-07-28,Gmail,Productivity,45
2026-07-28,Instagram,Social Media,35
2026-07-28,Coursera,Education,80
2026-07-28,Spotify,Entertainment,30
2026-07-28,Health App,Health,15
2026-07-29,VS Code,Coding,195
2026-07-29,GitHub,Coding,55
2026-07-29,Stack Overflow,Coding,30
2026-07-29,Slack,Productivity,70
2026-07-29,Gmail,Productivity,50
2026-07-29,Twitter,Social Media,45
2026-07-29,Instagram,Social Media,30
2026-07-29,Kindle,Education,55
2026-07-29,Spotify,Entertainment,35
2026-07-30,Instagram,Social Media,85
2026-07-30,TikTok,Social Media,165
2026-07-30,Snapchat,Social Media,60
2026-07-30,Reddit,Social Media,70
2026-07-30,Netflix,Entertainment,155
2026-07-30,YouTube,Entertainment,80
2026-07-30,Spotify,Entertainment,55
2026-07-30,WhatsApp,Productivity,30
2026-07-30,Gmail,Productivity,20
2026-07-31,Instagram,Social Media,100
2026-07-31,TikTok,Social Media,90
2026-07-31,Reddit,Social Media,80
2026-07-31,Netflix,Entertainment,175
2026-07-31,YouTube,Entertainment,70
2026-07-31,Spotify,Entertainment,50
2026-07-31,WhatsApp,Productivity,35
2026-07-31,Duolingo,Education,20
2026-07-31,Calm,Health,15
2026-08-01,VS Code,Coding,170
2026-08-01,GitHub,Coding,50
2026-08-01,Stack Overflow,Coding,35
2026-08-01,Slack,Productivity,60
2026-08-01,Gmail,Productivity,40
2026-08-01,Instagram,Social Media,50
2026-08-01,Twitter,Social Media,25
2026-08-01,Coursera,Education,65
2026-08-01,Spotify,Entertainment,30
2026-08-02,Instagram,Social Media,60
2026-08-02,TikTok,Social Media,140
2026-08-02,Reddit,Social Media,55
2026-08-02,Netflix,Entertainment,130
2026-08-02,YouTube,Entertainment,60
2026-08-02,VS Code,Coding,90
2026-08-02,Spotify,Entertainment,45
2026-08-02,WhatsApp,Productivity,25
2026-08-02,Coursera,Education,40
2026-08-03,Instagram,Social Media,78
2026-08-03,TikTok,Social Media,112
2026-08-03,Reddit,Social Media,45
2026-08-03,Netflix,Entertainment,95
2026-08-03,VS Code,Coding,140
2026-08-03,GitHub,Coding,35
2026-08-03,Slack,Productivity,55
2026-08-03,Gmail,Productivity,30
2026-08-03,Coursera,Education,50
2026-08-03,Spotify,Entertainment,40
